split,file,crop_idx,SSIM,Edge_IoU,L1
repair,repair_01,0,0.7975687028204699,0.3336439888164026,9.4884033203125
repair,repair_02,0,0.8430705117711192,0.13815789473684212,4.26392126083374
repair,repair_03,0,0.9178021506152948,0.4666666666666667,1.7094907760620117
replace,replace_01,0,0.729954526842775,0.1194708557255064,8.977925300598145
replace,replace_02,0,0.6739591450654062,0.18772815922388358,7.7783637046813965
replace,replace_03,0,0.7495072166640897,0.28647401163957453,8.597268104553223
AVG,AVG,AVG,0.7853103756298592,0.255356929468146,6.802562077840169
