split,file,SSIM,Edge_IoU,L1
repair,repair_03,0.8673824299467611,0.021568627450980392,6.555929660797119
repair,repair_01,0.86264800540405,0.4067764882066642,7.703397274017334
replace,replace_01,0.7603137334005535,0.14543212218954557,7.713979721069336
replace,replace_03,0.7063809305950485,0.13195107674296805,6.95320987701416
replace,replace_02,0.7591683381521808,0.3022753390025282,6.242447376251221
AVG,AVG,0.7911786874997188,0.2016007307185373,7.033792781829834
