split,file,crop_idx,SSIM,Edge_IoU,L1
repair,img_02,0,0.9018091592972101,0.44129554655870445,3.464536428451538
replace,img_03,0,0.7867720752591181,0.20400416540696698,6.02060079574585
replace,img_02,0,0.7463316997715558,0.31403458488583164,6.582461357116699
AVG,AVG,AVG,0.8116376447759613,0.319778098950501,5.355866193771362
