split,file,crop_idx,SSIM,Edge_IoU,L1
repair,repair_01,0,0.8122401768405986,0.35097323600973235,8.491753578186035
repair,repair_02,0,0.7897564165434656,0.23674911660777384,5.4658732414245605
repair,repair_03,0,0.36962026182737934,0.0,11.256105422973633
replace,replace_02,0,0.4264071825936121,0.03056284870364293,17.40321922302246
AVG,AVG,AVG,0.599506009451264,0.15457130033028726,10.654237866401672
