split,file,SSIM,Edge_IoU,L1
repair,repair_02,0.9706493196836584,0.2374747247809481,2.2577011585235596
repair,repair_03,0.9567046823805365,0.26199261992619927,3.8256494998931885
repair,repair_01,0.8619549770162344,0.4088644112247574,7.701354503631592
replace,replace_01,0.7640244490406086,0.1396366403500428,7.631093978881836
replace,replace_02,0.7150786291096733,0.19422984065668758,6.966878414154053
replace,replace_03,0.8302302915070667,0.3348886377720264,5.333415985107422
AVG,AVG,0.8497737247896296,0.26284781245177696,5.619348923365275
