split,file,SSIM,Edge_IoU,L1
repair,repair_03,0.8808889848488728,0.026215644820295984,5.295666217803955
repair,repair_02,0.963909173573168,0.21801056742476452,2.592867374420166
repair,repair_01,0.7382106546091527,0.13038883535884127,11.6525239944458
replace,replace_01,0.7486779550823769,0.13536347600037138,7.879681587219238
replace,replace_03,0.796704956147081,0.23364517775131824,5.779409408569336
replace,replace_02,0.7496443077552782,0.25994912258008884,6.475863456726074
AVG,AVG,0.8130060053359882,0.16726213732261339,6.612668673197429
