split,file,SSIM,Edge_IoU,L1
repair,repair_02,0.9795336635426392,0.3936803936803937,1.7691868543624878
repair,repair_03,0.9519733833364137,0.17765042979942694,4.333994388580322
repair,repair_01,0.491372999336676,0.042533532041728765,41.27665328979492
replace,replace_01,0.7746611981544718,0.17108061086410206,7.4860615730285645
replace,replace_02,0.46441305190325666,0.02907495273090507,18.117345809936523
replace,replace_03,0.7842357826470949,0.19393740783221367,6.064929008483887
AVG,AVG,0.7410316798200921,0.16799288782479505,13.174695154031118
