split,file,crop_idx,SSIM,Edge_IoU,L1
repair,repair_02,0,0.8407301096171172,0.17666666666666667,4.709956645965576
replace,replace_03,0,0.8052282890129856,0.23763429787526172,5.747612476348877
AVG,AVG,AVG,0.8229791993150515,0.2071504822709642,5.228784561157227
