split,file,crop_idx,DIFF_MAX,DIFF_MEAN,SSIM,Edge_IoU,L1
repair,repair_01,0,246.0,23.78588059432829,0.503936358076197,0.06759956942949408,23.78588104248047
repair,repair_02,0,80.0,3.126746012067113,0.9073462399654131,0.44308943089430897,3.1267459392547607
repair,repair_03,0,37.0,2.0392156862745097,0.8946595626405807,0.1875,2.0392158031463623
replace,replace_02,0,204.0,16.673213750804482,0.44784250337302345,0.03136432586776122,16.673208236694336
replace,replace_03,0,207.0,9.236904948939513,0.7081529281385376,0.18534322820037105,9.236905097961426
AVG,AVG,AVG,154.8,10.972392198482781,0.6923875184387503,0.1829793108783871,10.97239122390747
