split,file,SSIM,Edge_IoU,L1
repair,img_01,0.511638133232835,0.043565109863977936,38.63396453857422
repair,img_02,0.9789133906418057,0.38039014373716634,1.7952890396118164
repair,img_03,0.950630677512494,0.21902017291066284,4.957461357116699
replace,img_01,0.7676449779244162,0.16315587897357334,7.624804496765137
replace,img_02,0.7637619616829273,0.3186485885752389,6.214193344116211
replace,img_03,0.7845575660395203,0.1973322998417466,6.078542232513428
AVG,AVG,0.7928577845056665,0.220352032317061,10.884042501449585
